{"0": {"x": 9.541065460925202, "y": 5.412625205023342, "z": 5.036104828344707, "xa": 3.028254716790799, "ya": 5.06890708504875, "za": 4.693446183323533}, "1": {"x": 4.865377502204632, "y": 5.547753637088148, "z": 9.461253099903196, "xa": 5.805780890089583, "ya": 3.6027464174394894, "za": 8.388515170139051}, "2": {"x": 6.329418959625283, "y": 4.999497962477923, "z": 8.168182509320808, "xa": 5.709170166325658, "ya": 4.257045800055573, "za": 7.892378208640054}, "3": {"x": 8.25396458546334, "y": 6.440921642228209, "z": 9.498798258139068, "xa": 4.393723762875911, "ya": 5.617428491464568, "za": 7.978649253578812}, "4": {"x": 7.313411929149398, "y": 1.3897890749453388, "z": 6.3793762582594455, "xa": 7.8900513314965, "ya": 2.2261371122632885, "za": 7.117199616078779}}